name,number,CVC,expire
Jordan Mcintyre,3518379597401444,195,09/30
Mark Gray,4592628481568331603,417,09/28
Jonathan Merritt,3500326889782239,435,09/28
Carolyn Gilbert,38592122722368,777,05/23
Christopher Hall,4209568505054,459,11/24
Colleen Simon,4980909057258,746,02/32
Ann Herring,4098947263768605,478,08/27
Sandra Garcia,4491285811284,189,11/28
Caleb Walton,3534160106894349,365,04/32
Matthew Wright,4125939355888832370,0394,09/29
Robert Todd,3519564391019703,515,01/30
Chris Jackson,060440139461,574,01/28
John Knox,30268358110358,703,03/27
Megan Bennett,180094425252405,537,01/26
Christy Bender MD,3581446628342327,389,05/23
Lynn Riley,30001991975956,5867,03/28
Nathan Gonzalez,4735176975563455,046,11/31
Tiffany Hammond,36991985761541,143,01/25
Joseph Black,4466968998060864,147,09/27
Jessica Morrison,4907072995921223,236,07/27
Elizabeth Long,30493795728618,913,05/31
Nathan Foster,2281531966839490,7398,10/28
Todd Navarro,4887735066105567449,139,07/29
Ryan Gregory,4792881641412637,386,10/30
Timothy Black,2262646696625879,650,02/25
Renee Jacobs,3571358220843028,710,04/23
Sarah Hale,6011052626868074,403,03/23
Sheila Hill,30583238680846,443,11/32
Matthew Barry,4054744442859,383,08/32
Eric Browning,5431723293226150,768,10/27
Jill James,4018088678670529,462,11/25
Jason Dunlap,4993192944132923,056,02/24
Robert Martin,4360842238647195041,574,09/32
Susan Conner,6556703247675386,760,02/32
Teresa Edwards,675926562132,866,07/30
Devin Lewis,4626001117132,539,02/23
Debra Peters,3510424073462532,117,03/23
Christopher Silva,3520670351803262,976,06/30
Kayla Haney,4277322062035,694,01/29
Kayla West,676375850556,013,01/28
Regina Foster,3581065469298875,204,09/28
Shelby Morgan,3534706450274163,640,12/28
Kevin Wells,348924885631475,387,08/24
Michelle Scott,676185938666,801,12/26
Andrew White,4878624640523963,601,06/30
Lori Cole,4809769096725967565,585,09/31
Stacy Gonzalez,3500579119600494,744,05/31
Scott Cline,3548966723983545,471,07/27
Nathan Carroll,676133201183,797,07/31
Michael Montgomery,3567006601379999,603,03/23
Matthew Harper,180083692390675,868,04/24
Carlos Moore,3522773272793659,010,04/23
Chad Morris,4382137266672457109,339,06/31
Michael Price,180038453585574,284,03/32
Craig Mann,3502228598551764,653,07/26
Kyle Lynch,6580328982873358,773,05/25
Charles Hartman,4584127655358072,437,01/28
Mary Rodriguez,4964670547461737,444,08/25
Amber Rodriguez,2274453438887198,253,04/24
Gina Baker,3582517876928881,878,01/24
Lisa Sutton,344353740743859,578,10/27
Kristina Vargas,2498780776199848,979,01/32
Justin Green,676368996481,725,08/32
Angela Dalton,4040344157593873925,858,06/25
Elijah Lewis,6539538359526072,925,05/30
Adam Sullivan,676338012567,054,07/26
Steven Buchanan,30074538444240,696,10/30
Suzanne Richard,4669927616464,7885,12/29
Beverly Smith,180036604030094,271,10/31
Jason Lewis,4961087725262,350,01/27
Steven Vasquez,6576698683058129,0238,06/28
Christopher Farmer,4266303131039066,617,01/28
Stephanie Simpson,213134855734802,177,07/27
Lindsay Delgado,675988932041,377,09/31
Jeffrey Kane,30521919063510,5134,03/23
Tim Lewis,180071131924055,119,07/31
Stacey Simpson,4651136308389929,046,02/31
Timothy Perez,6011573386681647,419,12/23
Thomas Figueroa,30069123322520,691,05/24
Kevin Johnson,3571357652694909,718,03/24
Angela Jones,4543421596573385005,4046,03/27
Mr. Michael Lopez DDS,4489666045361110,992,09/31
Kelsey Rogers,6011519429973871,438,01/23
Sarah Weaver,4119659167666042515,587,08/28
Kimberly Cowan,3533194195398855,085,12/22
Elizabeth Camacho,4535690457099,5319,01/26
Keith Baker,36311288880106,269,01/28
James Lawrence,4756350894198453,568,09/29
Jonathan Johnson,502093469125,9630,06/29
Cheryl Thompson,347044171383276,460,09/31
Steven Baker,36191365410914,863,10/31
Victoria Hernandez,5489407755486806,142,08/29
Amy Berry,4839962656718772,116,04/23
Jeffery Peck,6011857071923483,701,04/31
Dustin Waters,4307688642726925,502,10/25
Rachel Martinez,340934854374054,310,08/23
Heather Beard,4452958426180,545,04/29
Douglas Diaz,3530338164991975,5712,05/28
Julia Jones,4295151632788441,405,12/31
Holly Williams,30160675702209,368,09/27
Joseph Schmidt,3503470249056731,988,08/31
Mrs. Shelly Caldwell,6011749039850199,438,01/29
Ryan Owens,4171039406322,369,01/29
Jane Jones,3595363736612109,870,06/32
Krystal Bradley,213127596023295,881,03/31
Marvin Mcdonald,4387609162348397365,7150,11/32
Dana Jimenez,4932716678800,433,06/24
Patricia Johnson,630426828830,886,01/23
Destiny Kerr,6523979809071525,235,04/30
Elizabeth Garcia,6527373427945433,5038,08/31
Matthew Santiago,180038946269760,1345,08/28
William Livingston,6011856589830925,403,11/31
Gregory Mcdonald,2241235569736306,923,03/24
Eric Howard,4085003613446792,955,07/25
Latoya Wiggins,30202037523418,485,11/30
Heather Stephens,4978795230032364,593,10/28
Katie Ward,30510226794883,168,07/28
Michael Lopez,4750468986284084,729,03/31
Ashley Little,3599212793940935,705,06/24
Megan Hunter,4881217091346,936,06/28
Joe Harvey,4257884395841785121,956,12/27
Kristy Martin,30064072866437,559,06/32
Maria Smith,3555807362137169,1193,08/27
William Davis,4634363477516122,818,05/27
Michael Bass,180008353009074,334,01/29
Douglas Thomas,630423561129,741,11/32
Matthew Murray,5456217316150604,912,06/23
Mark Graham,4737586085760585,923,10/30
Rachel Jenkins,6599048182807324,400,05/25
Tristan Craig,502059816830,907,01/23
Mark Montoya,4947733902265551100,639,04/26
Johnny Vaughan,2238367031860524,212,11/25
Tanya Crane,341796124300600,9029,08/25
Anne Watkins,3574154417899692,102,06/26
Henry Melendez,6501818931826792,963,12/27
Carol Fox,180041604724985,910,01/27
Miranda Reed,4003195316934949,365,02/23
Erika White,4821605931843945,473,12/27
Richard Dixon,6011974703929034,356,07/32
Jessica Parker,3523132495640339,731,07/23
Jennifer Nelson,4852496476946,558,11/26
Steven Johnson,4008593595668599,162,11/27
Joseph Murphy,6593677166052444,025,05/23
Michelle Hodges,4486016013087169,013,06/28
Tiffany Bernard,347776056917922,276,02/30
Kristy Martinez,2710251579355062,0940,04/26
James Cole,630434887976,705,05/25
Kathryn Stevens,4522049195315,607,09/27
Cheryl Anderson,3588335127384588,783,10/25
James Mills,2298735119570883,777,12/27
Donald Cooley,30036018233963,662,12/24
Michele Carter,4521141691875059823,937,02/30
Matthew Shaw,2268101590080072,642,11/30
Scott Mclean,4969573570800562,109,11/29
Spencer Silva,2394598690701043,6691,09/24
Carolyn Rasmussen,575432404953,632,04/27
Rhonda Webster,4678205637161142956,567,10/30
Mark Miller,4164280733544,792,03/26
Mr. Michael Horne,3572436904145131,199,09/31
Barbara Nguyen,180071393838159,853,07/30
Dawn Frank,4559692202252035841,992,12/23
Melissa Gonzales,347780656111258,722,06/30
Melissa Jones,4195653215081,911,12/22
Charles Dixon,2707810116570247,887,08/23
Robin Lane,5576545855218282,078,10/24
Lisa Krueger,5362335354292980,960,03/27
Annette Harmon,2708776482532245,698,10/30
Briana Bailey,30335324095607,474,11/30
Yolanda Bush,4012131505451585724,421,12/28
Valerie Hill,3591570169312346,8727,11/26
Donald Smith,3538161050632715,207,02/30
Patricia Thompson,4226831887689,093,06/24
William Davis,30447869046422,805,12/31
Lauren Mitchell,5481432032882898,603,06/29
Tara Holland,180024034108987,402,06/23
Amanda Gibson,676254557553,153,06/23
Julia White,4876930715834959,749,11/25
Scott Miller,341386538377699,150,07/25
Brenda Grant,2245100453050311,857,10/24
John Martinez,4853267802860713,487,08/31
Kimberly Kennedy,503832226859,234,08/32
Kimberly Carpenter,3566439286562624,361,02/28
Adam Barry,3582050049717205,286,01/25
Whitney Contreras,3596452271957174,200,08/27
Leah Flores,3593211382797363,864,07/23
Adam Moore,4739651744166133,509,06/24
Julie Watson,3552843208738889,252,07/27
Diana Burnett,213103700420149,285,01/27
Andrew Brown,6011703767939419,184,04/29
Roy Welch,3514488197475338,507,08/28
Dr. Anthony Green DDS,4394649020943718,568,07/25
Madeline Miller,30156039927714,103,07/26
William Franklin,4593116159876050,093,08/31
Adam Harris,6540941522577153,788,11/32
Hannah Castillo,30244657984926,419,01/32
Robert Perry,3528981182833564,476,01/27
Daniel Dominguez,3524390745852976,688,08/32
Mary Hall,4269923755807188,724,11/23
Cristina Dennis,675930931406,618,05/32
Collin Wilson,3501585289875070,704,05/26
Jenny Cisneros,630479814349,691,10/23
Cassandra Crosby,3546950277211935,933,09/31
Erika Carlson,675904276648,670,03/28
Curtis Martin,3504229205905896,594,02/24
Travis Martin,4588297966590,1590,06/26
Joshua Diaz,4833116683772,525,11/25
Mikayla Wyatt,4815024016845221956,3900,11/32
Sharon Singh,2704197998510522,202,09/29
John Escobar,180078406727600,310,01/31
Charles Jordan,180080236144626,073,04/23
Erin Becker,30518670195432,982,07/30
Jason Rodriguez,3577671818152204,768,12/22
Christina Williams,4859532450690439,816,06/30
Joseph Chavez,4332137891162316,940,11/26
Nathan Garza,3509442254289188,530,10/31
Andrew Thompson,4540214397509236355,352,11/30
John Shah,4913158609979126651,061,02/28
Richard Meyer,4339975800598,682,08/29
Roy Krueger,562058951673,233,09/28
Diane Walter,503853959040,735,02/28
Amber Hayes,3543330465545373,260,07/28
Carmen Torres,4377740328397720671,711,06/26
Kristin Guerrero,4994302631056,923,06/31
Kyle Hale,213105712866748,700,07/30
John Carter,30068476508909,389,04/23
Rhonda Thompson MD,3520146915177279,630,03/32
Debra Cohen,501869968013,616,06/31
Ryan Smith,3579012596174508,858,02/26
Christopher Rodgers,3525922837993794,088,10/24
Jennifer Edwards,676361591685,088,11/28
Michele York,370132015065488,389,06/24
Dr. Michelle Brown,3565612813619817,309,11/31
Mark Bush,4841357333936556,1484,08/28
Willie Johnson,180048123624794,872,12/27
Anna Warren,30413616706528,966,06/23
Lawrence Reed,675925153958,714,08/24
Melissa Simpson,30224175100759,683,09/29
Amber Mccoy,342672393884336,651,09/32
Clayton Warren,4338051326873757,125,07/25
Steven Becker,4127453516145,328,12/22
Steven Vasquez,30292529990589,932,07/30
Susan Baker,5138034866891586,466,02/26
Marissa Wall,30045749248299,468,09/26
Mrs. Belinda Mccann,4642164166007674738,559,12/31
Shannon Young,4980544401804,748,08/29
Kelly Hill,180044164511354,541,10/24
Jessica Erickson MD,6595731516195383,483,09/24
Lindsay Wallace,213138518349379,618,07/23
Krystal Mayo,4017874182025,126,05/27
Aaron Miller,3502904772661864,189,12/31
Jonathon White,4270727542591360,994,07/29
Becky Williamson,4333206010787193,977,02/32
Henry Moyer,30239277694780,602,12/31
Jesse Scott,4207057247104679044,044,06/25
Mark Stewart,213107043188271,853,06/25
Chris Johnson,3554104582809327,317,05/31
Stephen Hess,3508093584584177,147,02/27
Michael Jennings,3576909949577506,037,04/30
Dorothy Adams,4787013664632845,467,02/24
Steven Peterson,4018942719035346554,212,03/27
Frances Warren,4639602581116039,051,02/30
Aaron Mcpherson,3520582916277496,186,11/25
Mindy Brown,370202153382068,891,05/24
Logan Stone,6540827999061229,980,10/26
Cindy Coffey,4280694293815638,320,01/27
Patricia King,4560959078020246,952,10/24
Joshua Jones,376545060819349,590,11/24
Larry Sanchez,4287534000780,734,01/32
Cameron Bailey,4561776635384020550,588,01/24
Jane Hanson,4324500991236092,064,12/26
Jerry King,502093377682,650,07/29
Robert Allen,4722512826574,559,03/31
Kimberly Sawyer,4154020604917645,509,11/25
Becky Stewart,4417805788961531,019,07/26
Alex Roberts,3593647979906349,054,03/28
Cynthia Webb,4285246439121177445,802,04/32
Paul Rangel,4441021013927,914,10/23
Donald Reese,675921809546,635,07/29
Anthony Williams,3583112477000402,078,04/30
Anthony Boyd,676105415720,846,04/31
Joseph Bennett,3526268350998482,722,12/32
Jimmy Guerra,6011881801022747,885,07/27
Phillip Campbell,676349797743,081,10/28
Jonathan Martinez,180012467030448,000,08/25
Angela Norman,180052644508429,153,01/28
Alicia Aguirre,4806288304195,818,10/29
Steven Beck,4777689844832439,059,08/29
Dana Norton,4159561886197021,349,09/25
Anne Ortiz,4020420900701267,212,05/32
Colleen Reynolds,38279561529096,830,09/28
Nicole Alvarado,180032335468331,772,06/32
Daisy Ramirez,4422955814285276045,935,08/23
Rhonda Lopez,503882312799,947,08/23
David Johnson,2296128308019163,653,12/29
Sharon Peterson,4363677960051165,778,07/26
Isabella Johnson,3501367010419738,087,12/24
Tanya Gonzales,4563675034338459,636,06/24
Sharon Bennett,4674397041660470,702,10/26
Andre Brown,6523301881877440,219,07/26
Mrs. Tracy Wilson,344439393011817,3383,03/29
Kristen Hoffman,4480752320413831,2176,08/28
Dawn Holland,4900292385165,237,03/32
Alan Garner,675945411857,299,11/28
Jason Williams,4919179968785885302,628,03/28
Kimberly Cook,676242702378,383,12/24
Pamela Martinez,371299099454927,107,08/32
Andrew Greene,347372529336294,196,12/29
Heather Perry,6566864737924763,833,05/23
David Johnston,180055231678828,144,06/23
Alexis Sanchez,4972289549103,968,03/24
Amanda Brown,4140649329782129,668,05/26
Audrey Jackson,4835889111001565,7518,01/23
Emma Cameron,5486651302350477,912,04/26
Shirley Goodman,4020927949856266,193,11/29
Amber Rogers,2720202518673881,950,01/24
Jennifer Chambers,3558705573797192,376,09/32
Michael Wright,3525089270210506,118,01/25
Jacob Vega,3553726509488891,242,05/27
Anthony Shaw,3521633297129423,095,01/30
Sharon Gardner,38625770448694,268,01/30
Joseph Hill,4475307570342137579,243,03/29
Peggy Spencer,213199379313128,243,09/23
Peggy Evans,6011076617846062,5539,04/25
Luke Jones,639047954099,965,10/24
Susan Farley,4768331623331397,846,03/28
Nathan Taylor,4141329111886789,649,09/32
Maria Johnson,3580850592891410,618,11/27
Jordan King,3547301162482406,990,01/27
Michelle Gonzalez,2713409310666885,131,12/25
Travis Joyce,4521803273730,580,05/23
Mark Bryant,372217732028675,567,10/32
Alexis Lee MD,3576441111070847,717,06/32
Bradley Gibbs,5500026745365147,642,03/30
Alexander Elliott,3570728021745419,429,02/30
John Lee,676282931184,197,01/25
Andrea Torres,4912671102429351,470,10/24
Elizabeth Knight,4799777545718103144,811,08/23
Alicia Clark,4099777178200256,227,04/24
Nicholas Stanton,4945983893137148,778,03/26
Tara Newton,370747310537293,824,01/26
Steven Martinez,676341561568,277,08/24
Russell Robertson,3598160263519096,388,04/26
Susan Hurst,2274012581047586,382,08/23
Jerry Robbins,4356657465417,354,01/23
Tricia Santiago,6539817634010460,200,11/26
Jeffrey Grimes,370542974263835,746,11/30
Brandon Wright,36707689288742,189,10/31
Jacob Mitchell,4749717040966,6625,04/25
Marvin Franco,6545593953027037,226,06/28
Kenneth Crosby,3550619128063653,209,09/27
Casey Watkins,4672988594909508525,861,04/30
Isabella Floyd,379953061953496,968,09/24
Nicholas Haynes,2644748784313902,8041,02/31
Rachel Mcmillan,4015801850201,942,06/24
Jason Quinn,4067711301016345,854,05/26
Darin Walsh,180093347717057,717,08/24
David Erickson,6011095975350145,987,06/25
Ryan Gomez,4809168087637623385,2746,01/26
Roy Smith,675908153306,831,06/24
Linda Robinson,5175563816866565,119,10/32
Stephanie Proctor,6594089567848546,133,05/25
Kristina Gardner,4997866194848540263,647,02/32
Kimberly Reynolds,6521727134565899,205,11/28
Tara Roberts,6597132209910394,269,09/31
Valerie Wilson,348268337089001,920,01/29
Zachary Franco,3557809488182622,343,08/32
Phillip Sanchez,503862948943,914,07/24
Steven Reyes,4161777824661,018,10/26
Sandra Smith,4988416096786528990,594,10/31
Mark Garcia,3543291689236381,501,07/23
Diane Vega,4138514889975,847,11/31
Rebecca Calhoun,4929852969686470,684,10/26
Troy Suarez,3582471692575247,399,10/27
Raymond Walsh,6011864920027573,317,04/29
Wyatt Jimenez,6011509195296870,474,01/31
Raven Harris,6011507112744048,004,01/28
Scott Martinez,4381600657216758,018,07/26
Robert Frederick,4812965663622,134,04/24
Oscar Ferguson,36432949728409,007,07/28
Adam Maddox,30036136311816,584,09/28
Mary Marks,4682899428099,968,05/32
Sean Cuevas,180008937162530,305,05/30
Joshua Drake,341571706143193,133,03/31
Nancy Black,4932046781656499,4424,12/29
Erika Schmitt,30253998758154,127,01/29
Thomas Smith,4643678112874142,6229,02/29
Michelle Carr MD,2363282842626138,340,01/24
Jennifer Hall,3549029140470767,545,12/30
Ryan Obrien,4643579488869932,091,11/24
Roger Cook Jr.,4742097122504,703,03/25
Michael Mccullough,4704370666455827,967,07/24
Richard Richards,180009366420456,953,05/31
Scott Wright,2386229678072708,012,02/29
Michael Hutchinson,213156183527095,876,08/27
Sonya Gonzalez,4419229030738290,559,10/32
Victor Henry,180000767794664,758,04/26
Michael Holland,639021835785,115,08/32
Ryan Perry,6011022208373108,925,01/25
Carolyn Joseph,4563147684449659695,607,11/25
Ronald Jackson,3510440238484989,253,09/28
Kristen Alvarez,6011865597239797,296,03/28
Leslie Petersen,3577916172722716,600,12/29
Sandra Thomas,30049331006925,136,12/31
Donna Davis,4370455114093,265,09/31
Michelle Hogan,213167876094707,583,11/30
David Bryant,676224898392,835,08/32
Diana Howell,4841637874189487,923,06/30
Sarah Sharp,180041123362754,864,08/31
Pamela Dunn,38563662912362,163,09/30
Tonya Robinson,6576381772618562,355,09/23
Danny Freeman,6546870818570040,618,05/30
Jeffrey King,4184708048289479646,629,09/25
Dwayne Miller,4642545892233939633,614,09/24
Lisa Miller,6011445228427606,205,02/24
John Fernandez,30289553988448,163,02/23
Charles Hernandez,6011862010927892,663,03/32
Taylor Riley,4625243194160852,146,02/29
Kimberly Mcbride,3592658907385986,286,10/25
Ryan Stuart,6011805307663050,787,06/32
James Jenkins,180041025623865,819,02/24
Stephanie Nelson,3533288449706929,702,05/26
James Stephens,3518339964451786,042,04/24
William Peters,4725031785163248,874,06/28
Robin Reeves,4273223640888,448,07/24
James Allen,2268748986939483,040,05/32
Rachel Johnson,2720050371876673,935,07/28
Maureen Nelson,2700644670606197,828,06/26
Brian Flores,4356114000989556498,612,11/28
Susan Sanders,4710992177012185,469,05/24
Jeffery Johnson,3533366699269283,249,02/32
Jeffrey Pitts,3533413875658531,652,08/27
Kimberly Allen,4818824139894,315,09/32
Ashley Walters,345294619650230,172,01/24
Douglas Palmer,213127376671321,411,10/26
Ronald Anderson,572047297187,706,02/24
Maurice Hamilton,180075947875484,357,04/25
Sabrina Bryant,374314023898284,176,02/30
Johnny Harvey,3556023097717056,524,05/25
Kiara Hernandez,180058300666658,344,04/28
Christina Rubio,4949232737233100859,494,06/23
Vanessa Ryan,630493932291,8782,02/24
Lindsey Hernandez,4310986110486789922,843,01/27
Grant Johnson,6011729769795012,677,04/26
Rodney Bennett,4778843098295384,618,06/29
Erik Daniels,30185739159187,243,03/24
Kimberly Hall,4199082793516227664,614,05/24
Donald Lynch Jr.,213108641929686,761,08/31
Cynthia Rodriguez,4906900939766471,961,06/28
Barbara Alexander,4907812182753420,940,06/32
Amber Hicks,3582556646738535,784,01/32
Angela Sanders,349422841071372,259,05/32
Robert Randall,3560066012009889,181,08/32
Samuel Garcia,3503794437622172,398,05/27
Roger Ross,180004400988014,575,04/30
Bruce Baker,6500186245212120,648,06/24
Regina Ross MD,2265348769483446,220,03/24
Renee Smith,4244239936057,428,03/29
Connor Hughes,2299725131684324,4820,06/32
Tina Hamilton,3561156386593805,423,06/28
Christopher Yates,3562982315827843,641,12/31
Diana Guzman,3526802975401371,3275,03/26
Amanda Montgomery,213147717356366,774,02/27
Rachael Charles,3519895085967645,840,08/23
Kari Murray,213143765351144,572,10/26
George Zimmerman,345982048149341,754,06/24
Jamie Bradley,180075815176635,815,07/27
Katrina Meyer,4535949102330,445,05/28
Kevin George,30271118350074,907,11/31
Chris White,4419159200255793,153,10/31
Edward Daniel,4000059440900108352,808,01/31
Nicholas James,6582307911536136,729,05/28
Susan Hayes,3513739009513026,469,08/23
Jennifer Salinas,36149786582679,668,06/24
Patricia Sims,639066357745,855,07/26
Melissa Lopez,2715263833526706,848,07/26
Jessica Porter,3552299161131150,245,07/29
Ricardo Hendricks,347635820727423,336,02/30
Adam Reynolds,4412013724227652289,522,03/32
Leah Joseph,346096548803841,283,11/26
Vanessa Le,5214989188407741,703,07/25
Michael Melton,3594749139885667,583,05/25
Katherine Valdez,36120982514493,322,04/26
Anne Thomas,6011390392989967,162,06/30
Nicole Wang,213127357427693,7125,02/26
Kimberly Graham,4129705841690631,580,12/24
Shari Watkins,566254091697,908,05/26
Nichole Jacobs,503879059122,901,08/32
Stacey Faulkner,3513612114890631,121,07/23
Ronald Hall,6011993849828603,983,09/31
Adam Poole,6011645684313741,545,01/32
Mr. Anthony Benson,2689226987551962,600,01/23
Dale Washington,2249973510093193,982,03/26
Sierra Cox,4757704138244702682,520,11/31
Steven Dixon,4636810192499966,134,12/23
Victoria Myers,30004479529337,661,04/28
Justin Li,180043841916663,993,10/27
Danny Proctor,4373541489431982113,013,01/26
Stephen Gonzalez,4995035743374576,639,10/28
Richard Parker,4364404894242516,062,01/31
Russell Martin,4196440991479589,428,10/24
Kevin Solomon,6011958449142879,989,08/24
Daniel Wright,180082085145803,375,12/24
David Brown,6011207782390145,441,07/29
Amanda Olsen,4395687785261982,3987,11/23
Valerie Johnston,2295675925513789,307,01/27
Phillip Lee,6529187025746433,885,11/26
Spencer Cherry,4414575998718319,103,12/27
Karen Evans,30540482150009,254,06/32
Sarah Harris,675969418044,700,12/22
Carolyn Wilson,2240843140074955,703,06/25
Brandon Joyce,4082674323929807,824,01/29
Matthew Jackson,676374805213,389,10/24
Lisa Vasquez,213101491760541,603,01/24
David Thompson,30206963117301,490,01/30
Manuel Smith,180003564431217,881,05/31
Jessica Benitez,6577690794907574,703,06/26
Donald Morales,4261417738463084,367,03/30
Brianna Bennett,4515769753560,893,03/25
Nicholas Berry,3582549835775657,405,05/27
Marissa Ramirez,630408062051,467,11/23
Christopher Wilson,4398486805021667,747,04/31
Michael Anderson,6570275367685521,711,06/30
Darrell Gonzalez,180035457540803,816,12/25
Karen Smith,2563162216892375,831,08/24
James Price,4925366484305,819,08/28
Robert Molina,6598137924354934,481,10/24
Laura Moss,378456246210718,913,10/26
Michael Wright,180088172225168,980,04/29
Tiffany Barnes,6011452507919444,927,07/24
Mark Brandt,30594460623412,645,09/25
Katherine Vazquez,345250324680003,354,06/29
Luke Taylor,570260612116,094,09/24
Levi Rivera,349299848681357,813,08/27
Annette Bowers,3509544274562435,268,04/27
Heather Phillips,3559165420743163,325,08/32
Luke Lindsey,2272292460231756,129,06/32
Steven Martinez II,30055503902460,291,06/31
Michael Morton,4070512588301,626,12/24
Suzanne Hart,376864831059303,218,02/31
Jeffrey Coleman,4179464480620736,523,02/30
Robert Quinn,2285121788829881,303,09/25
Christopher Blanchard,4590214535228915,738,01/23
Jesus Diaz,38297611123272,447,05/26
Charles Hampton,344400396575760,878,08/30
Angela Robinson,6573216831527334,144,04/31
Tina Massey,4773833796510593,881,11/26
Justin Keller,2307350591863944,583,03/31
Heather Black,4745490950208945799,423,04/29
Matthew Hunter,4825409911673117,526,07/28
Alyssa Patrick,4391195563558094,693,02/30
Sarah Day,6593469294047912,3734,12/32
Corey Green,4071477784350475414,997,12/27
Christopher Fowler,3571976394718765,602,08/28
Courtney Yoder,4760483183764598772,689,02/28
Alexander Mosley,2674500354813297,084,01/26
Michael Schroeder,2242189789819955,900,07/23
Misty James,639014309988,213,12/24
Cheryl Moore,377731730578387,878,12/29
Helen Donovan,373295017976437,789,08/32
Juan Patrick,4749574475897341267,292,12/24
Vincent Hayes,180062535841029,409,05/26
William White,3575777816474011,827,01/31
Michael Olson,4445761572960369,739,08/25
John Weeks,3554877235200511,2337,07/24
Tara Smith,4143080315084717,245,03/26
Steven Turner,6011195976133779,115,12/29
Joyce Kelly,342921065987046,587,10/31
John Santos,38755353599322,747,05/23
Jessica Roach,2391309748728043,726,05/28
William Chan,503882578779,689,04/24
Meagan Adams,4541516141303076796,883,01/31
Amy Torres,4456010338978,434,01/29
Nicholas Leonard,4297717424848,1655,11/29
Joshua Sawyer,4100165647039546,893,02/28
John Scott,4849510972082,528,10/29
Pamela Fisher,4956138895335994,2614,02/31
Jennifer Bryan,379366199784347,036,10/25
Tony Smith,3554098282288206,222,09/30
Joseph Davis,4726350041733,529,12/24
Jessica Willis,4016318080432719,677,01/23
Ashley Perez,4351809883483340,426,03/27
Chase Ramos,4215208644203,681,07/27
Travis Allen,561951500017,290,01/29
William Peterson,3550619164172178,257,04/32
Emily Greer,4149994711856870,6251,09/29
Colton Williams,2295367702234801,145,04/31
Lisa Jackson,6011612418050080,3250,08/23
Michael Sweeney,30017343924328,477,08/25
Tammy Simon,4338111828604,561,05/27
Michael Washington,2720974337997408,443,03/31
Brendan Fletcher,3523388293016540,810,08/25
Sergio Allen Jr.,4161788718944,2022,04/32
Kaitlin Daniel,180068978148855,218,03/26
Anthony Campbell,2720602149940874,500,12/25
Stephen Welch,4729917373134920,460,10/24
Sara Ross,4997612288494244852,296,04/26
Eric Suarez Jr.,30099546397940,195,04/28
Ronald Garrett,3502137530334272,2715,11/27
Sabrina Martin,639057829587,118,03/26
Yvonne House,6563076574988149,385,06/29
Jillian Rodriguez,38182076583717,227,01/30
Justin Rogers,4345254775708,236,11/30
James Roberts,4722293810359,721,08/23
Lori Fox,3563928999269082,371,04/27
Jennifer Barnett,30220179050750,553,06/30
Tyler Brown,3581592918603884,303,01/32
Peter Sawyer,30305758028580,407,08/26
Mr. Patrick Harvey MD,38802743775897,108,02/31
Daniel Miller,4697764488903,540,07/29
Debra Wong,372747580658165,715,12/25
Michael Ferguson,213125177212519,426,03/31
Nicole Bush,345444430043210,012,02/24
Amanda Andrews,675969729564,957,02/29
Amber Schmidt,2265658362382781,317,09/25
Kevin Snyder,2282822528399274,540,06/24
Teresa Ball,377269484583949,258,07/32
Austin Davis,3514635897978637,231,06/32
David Marquez,4425674921110153134,667,09/32
Nathaniel Moore,3578532501912420,6061,05/23
Amy Gonzalez,213104421047831,543,12/26
Joe Thomas,4310803657443051,682,07/23
Connie Fleming,346470333154951,058,03/30
Samantha Thompson,6504537449584753,497,04/25
Kathy Walls,574329406288,696,08/28
Alicia Hester,4865513473159,901,04/26
Charles Bailey,38058198078838,662,03/26
Juan Hatfield,4619088215572,309,07/26
Megan Anderson,4456981034275,735,04/28
Diane Johnson,584314259733,590,08/29
Joseph Benitez,4024682416090909,5390,05/24
Thomas Hooper,5220423640209596,887,02/31
Michael Boyer,38534603031802,474,08/25
Brian Fischer,4636878652050975,579,09/29
Rebecca Fields,502031542595,680,09/32
Anna Hernandez,2389099231317792,638,01/24
Leah Byrd,4209894977503173,335,03/32
Mark Golden,30228434435989,153,08/23
Abigail Quinn,30534689609537,228,06/32
Jennifer Stewart,639028075849,162,04/23
Amy Keller,373160741309455,837,02/30
John Callahan,4364042444477255,775,02/23
Desiree Malone,38669410947095,682,10/28
Johnny Rodriguez,213115795693257,094,02/26
Joseph Williams,377717902285745,404,05/26
John Townsend,376847201414752,963,12/31
Jacob Kelley,4376022278527,371,03/29
Jonathan Figueroa,3554678440586714,487,06/24
Brenda White,4049387037434002133,359,03/27
Brittany Davis,6580360395885190,150,02/27
Ms. Stephanie Smith,3536326275363196,970,05/32
Christian Williams,4429028159501035207,909,12/27
Daniel Roach,340564441615527,535,12/29
Jessica Sandoval,3576606919523870,842,10/24
Crystal Duncan,346535172816157,746,08/25
Mrs. Amanda Trujillo,676299175213,559,05/29
Olivia Hill,4596144646422558,216,08/27
David Mason,4332776794971297,032,01/29
Monica Monroe,3521267079175757,548,12/31
John Bright,213144116940106,126,04/25
Amy Hunter,676250160949,178,08/23
Brittany Thomas,4999844196538785,7681,02/28
Preston Murphy,2244502257942521,489,07/27
Pamela Wells,4951078927227493,983,02/30
Steven Lopez,4638065937558943,589,04/27
David Hicks,6595176267313837,689,02/30
Crystal Oneill,676165001022,7086,05/32
Anthony Perez,349431464462644,110,07/26
Alexander Wallace,6011400305741825,769,03/23
Janet Davis,3533504233414896,927,06/25
Timothy Banks,4349206435671923297,166,04/29
Grace Castillo,6011908759659558,731,02/24
Douglas Moore,3505752154086334,3170,05/26
Justin Cantrell,4330462605682959,523,11/32
Roger Maldonado,060477299238,809,10/32
Samantha Summers,213162591906046,850,12/22
Kaitlyn Moreno,4086810049121685,3553,11/28
Tracy Walton,3554968776161061,468,01/23
Richard Flores,675957759375,687,08/30
Dennis Garcia,5376505042435860,157,01/28
Lauren Mcintyre,376780666865335,757,03/31
Kathryn Fischer,2237030905375430,641,05/30
Dawn Frazier,4735501567380800721,441,06/32
Carla Casey,4927598625788372409,704,10/31
Samantha Wang,30362599345558,317,05/26
Jonathan Rodriguez,4423561827461072,769,08/25
Sara Dunn,38073434330232,8327,10/25
Aaron Frazier,6530969339880488,987,05/32
Philip Crane,213169083426805,0360,12/27
Douglas Carter,3570556338575975,054,08/26
Brian Medina,3590423017286349,509,09/31
Bruce Malone,374387157892349,175,04/29
Jason Harrison,372240788273524,010,09/23
Steven Jones,676129547367,073,06/32
Wendy Porter,38708789865155,032,06/29
Tammy Grimes,3581647055900525,213,04/29
Travis Gallagher,6011932481663167,092,10/25
Kristin Sampson,502046298902,586,02/26
William Long,4160285891139276,853,10/27
Juan Cannon,3590198232995813,596,07/28
Mario Schmidt,3546438886414314,671,04/27
Abigail Moody,6582442290337325,116,05/31
Nicholas Cannon,4439680523343,4095,09/27
Brittany Medina,5539969699622770,256,07/28
Mr. Brandon Hancock,3500842522526403,754,01/23
Patricia Foley,4835739157779,6960,02/28
Thomas Pineda,6529424212014451,280,02/25
Angela Ramos,213192696065638,956,03/25
Noah Durham,370191013324248,044,03/32
Savannah Medina,4121760992415997,615,04/31
Maria Douglas,6553720897954104,256,03/23
Michael Cox,347126749998337,5241,10/25
Richard Berg,2265907631628932,745,03/26
Tracey Patterson,3521020432886861,9747,06/31
Candace Lucas,213112889528986,751,04/26
Bobby Orr,3517744448149412,540,08/24
Stephanie Martin,3549680025184475,479,08/27
Thomas Harvey,639062191155,259,07/28
Sara Williams,6583864432266972,9570,02/23
Timothy Ryan,3553634746873778,806,01/27
Mark Phelps,503896562405,949,02/30
Karen Wiggins,3507801076369852,490,10/30
David Kramer,4764396827210857,844,09/27
Jeremy Wood,2236542312354759,112,09/23
Rebecca Smith,4168522545024754198,9131,04/25
Elizabeth Murphy MD,3581959119467445,758,08/31
Paul Steele,378870709058036,738,01/31
Latoya Rivas,4235039749656418907,500,05/31
Angela Lozano,2294817299809424,058,01/31
Jennifer Meyers,584973257713,506,08/29
Joseph Wallace,180076844632713,452,06/25
Leslie Newman,30280283689802,373,01/30
John Davis,4822778424931392356,970,11/26
Jessica Fuller,6011984554445485,080,12/28
Christian Powell,30341211927480,624,04/29
Joanna Smith,213115618301591,848,03/29
Jennifer Huff,213117995971285,394,06/30
Sara Morrison,3563193959283124,623,05/30
William Johnson,4176766156040,044,07/29
Jimmy Haas,4343251482558300832,751,04/25
Mary Suarez,5317789722380776,365,02/30
Todd Franklin,4040915593786307,270,01/30
Annette Adams,4545323571160852,143,11/31
Chad Bullock,639014305473,137,09/27
Donald Gonzalez MD,5175893878572060,391,06/24
Kathryn White,6011570675094847,444,02/28
Brian Hull,5414248995056375,318,09/28
Cynthia Nguyen,379326036196733,419,12/22
Kathryn Dunn,6011608070674993,655,01/32
Amber Russell,676126327938,345,09/28
Harold White,676399431490,237,09/27
Diana Morris,4498168254987,921,09/24
Mrs. Mary Phillips,4445303313012111005,951,07/32
Cheryl Robinson,3509030793406718,084,03/24
Kevin Davis,5283986264764652,865,03/32
Ronald Horne,4826864521421282,861,03/32
Sandra Gordon,30557951528002,528,03/26
Elizabeth Clayton,3586302498138938,2292,02/32
Miranda Green,4641554529251806,075,01/23
Chelsea Wyatt,2616481065932539,813,07/29
Linda Bryant,3521203477434397,111,01/31
Brian Perez,6548502394440847,111,10/30
Patricia Barnes,3577519389401940,878,03/31
Gina Orr,4158418550747,741,12/24
Eric Walton Jr.,3567591548605648,675,08/32
Laura Munoz,373210826920393,593,05/26
Taylor Garcia,3530827331587609,972,08/31
Michael Peterson,4792831042617,259,05/32
Jay Flynn,4030439912000,844,04/27
Susan Lindsey,213105590580411,485,10/25
Christopher Williams,3542549190008651,815,12/24
Heather Luna,213153750759854,364,11/29
Ryan Evans,4057816833939,317,10/28
Nicholas Bennett,30401781242189,169,03/27
Desiree Griffin,38971262608357,080,07/28
Gabriela Jackson,4571706498388823451,479,12/27
Jessica Johnson,343174892766436,8432,10/24
Anthony Wilson,180035382256137,488,11/23
Jamie Adams,3590798500029904,486,12/29
Robert Sheppard,213105312433964,2598,08/26
Allen Clark,2517253108149409,279,10/29
Misty Wright,4981812891160304,768,09/26
Emily Lawrence,2377573803111605,5899,06/28
Tina Ward,3572639690951931,889,12/27
Carl Ryan,30142274660012,3728,02/31
Erin Ho,4008422518394986,930,05/30
Penny Fowler,501889602758,140,11/30
Shane Kline,3589023462654331,089,04/24
Spencer Chavez,30270831588523,723,12/27
Mrs. Emma Roberts,3591966166004474,988,12/27
Alexander Duncan,6569791711155840,6815,02/24
Evelyn Allen,4400545916497439213,859,02/26
Christina Young,213165996574806,696,08/27
Kim Hardy,4485475334717766,087,07/28
Carrie Long,180011025310896,972,06/26
Jaclyn Johnson,4570760160301578431,905,10/23
Jonathan Wilson,503843340152,627,05/25
Sarah Matthews,3545256243309881,660,07/23
Donna Mueller,4714375158954822941,489,08/29
Deanna Li,639064871259,435,05/29
Randy King,2641201277342247,867,03/23
Angel Mora,502018984711,646,06/27
Jason Brady,6534367925704772,967,04/30
Jill Myers,2285446186958929,063,07/25
Marco Anderson,589938581297,852,10/30
Elizabeth Davis,180030965035370,179,03/32
Kelly Mccall,4577450077444159731,786,08/32
April Bridges,4252902518515733,485,02/29
Mr. Matthew Hurley,4783415562959622,8718,11/27
Jill Holt,4766120148582150,890,07/30
Gregory Pacheco,4598957551323004410,891,06/23
Katherine Andrews,3588382305124519,391,04/29
Heather Dorsey,4381160459775022,069,09/30
Christopher Shepherd,213109772232775,468,01/25
Michael Martinez,3522257008389511,1930,09/29
Jill Escobar,3520553357714032,475,08/26
Tony Johnson,2483822414280619,533,08/26
John Williamson,3544109435730086,465,10/30
Amy Watkins,30508927890901,807,07/30
Sean Smith,4778472373152865801,6780,10/26
Edward Johnson,5453251797924636,344,02/26
Nicolas Green,4686379820326008,649,09/29
Todd Dickerson,180037369137637,419,10/27
Andrew Peterson,5503472969880022,578,12/31
Seth Gray,3512131316533205,167,08/30
Laura Little,3500849739212305,703,09/30
Kimberly Dougherty,577085235775,9828,05/31
Ryan Hanson,3505776600735483,752,10/31
Hannah Martin,4450112106927635,605,06/24
Melissa Chavez,30170434799438,605,07/23
Katherine Crane MD,502021205377,585,08/28
Warren French,30101968824516,021,08/25
Julia Walker,4103858658197990,920,05/31
Robert Joyce,501857029158,1913,12/26
Nathaniel Kim,213113650190196,591,06/29
Jodi Ramsey,30190647840233,110,01/30
Jennifer Ball,4053304621994601,972,11/30
Victor Barnes,348846698603559,222,03/27
Dean Mathews,342786623419216,655,07/27
Clinton Stafford,4250235473612506,400,04/28
Juan Schmidt,378854759239142,864,08/30
Marcus Schwartz,3507712771288992,441,10/26
Karen Rodriguez,4523873491222386,825,05/28
Laura White,4898479277066133,291,01/29
Scott Clarke,4159358380859374351,055,08/30
Joseph Martin,6514486275229497,543,08/25
Allison Obrien,4149025656780070,926,08/32
Amy Boyd,4991155004206517,989,04/27
Katherine Edwards,3547257572757292,504,10/27
Nicole Allen,180017557095185,877,07/30
Nathaniel Reynolds,5154092167233725,642,03/31
Cheryl Raymond,30373444599729,609,01/32
Dawn Robertson,4103504194695,396,08/30
Mrs. Michele Werner,4627954019603532,252,06/26
Natasha Willis,213178098752568,247,04/27
Tammy Pennington,4295575248013259,676,07/30
Danielle Miller,4270889689194119096,170,08/23
Robert Harper,3552615372207887,275,05/32
Christopher Johnson,370801160321942,088,06/25
Timothy Smith,213195522046458,559,09/25
Tara Moore,3512000919110135,973,05/23
Phillip Ingram,4126236159003095,769,10/27
Elizabeth Williams,3554998329157688,999,11/32
Veronica Singleton,180004877967210,737,06/30
Rachel Schaefer,3590312686171710,217,03/29
Gary Doyle,639068736870,445,09/25
Kendra Lewis,4815934600567,801,07/24
Todd Ortiz,376027525305495,974,02/24
Latoya Chapman,6011299991654338,094,02/32
Steven Hunt,4273900847556480,964,03/23
Andrea Alvarado,30518513143490,686,03/26
James Hill,4486820687509392394,349,06/31
William Graves,30146708042564,794,11/31
William Hicks,3548755678556871,875,06/29
Joy Holmes,375891063522584,830,02/27
Scott Mills,38407384296516,725,05/29
Jill Garcia,3577655126365871,185,04/32
Julie Perez,3523207200858663,793,03/25
Laura Hinton,376108757346512,2991,11/31
Jessica Goodwin,2240184946671383,3718,10/26
Dawn Roberts,4248086064385706308,037,07/32
Allen Pierce,6011127058599833,051,08/23
Michelle Graham,6537506953523672,017,10/24
Patricia Deleon,4709640671675,160,08/23
Priscilla Brown,4772540515223629,0713,01/23
Shane Henderson,341701412130644,994,07/24
Taylor Quinn,348841346051376,102,05/28
Franklin Chambers,6011581650106480,078,11/28
Alicia Wright,379749456526396,284,11/28
David Fritz,340548673546419,468,12/22
Tammy Stevens,4500456939737665,893,01/28
Susan Manning,2557073418717963,226,01/32
Stephanie Jefferson,4975424614426018,025,03/32
Sean Webb,060473541229,654,11/29
Crystal Nichols,341090215088138,590,03/27
Juan Tucker,213176847038917,836,05/28
Rebecca Romero,4547080499433,392,03/23
Brittany Andrews,30570501045450,8554,09/29
Kimberly Hale,3500772234782483,491,09/28
Joyce Page,6011942644670991,253,03/26
James Mercer,3536282688628768,449,08/25
Colleen Salazar,676103079304,066,11/26
Daniel Floyd,4587864285905,364,09/25
Devin Webster,4711244459419434,949,09/25
Melissa Burke,4093831491590152,805,07/30
Gary Jennings,4582141235819441929,344,04/29
Steven Lopez,4642382899882102,617,02/26
Shannon Garcia,374632049814815,504,02/24
Carlos Owens,3517628264893825,448,09/23
Wesley Herman,180031542390635,2699,09/27
Joshua Perez,502034254297,012,10/30
Michael Mendez,3591741470306554,364,12/29
Joseph Mcdonald,4007895170562,570,09/23
Wayne Smith,4510710851172113,087,01/28
Clifford Warren,4925259008590008,359,06/31
Matthew Howell,3561067789275389,304,12/27
Matthew Ruiz,5568352765006588,415,02/30
Thomas Cardenas,4980215184229482,430,10/31
Haley Garcia,30242617437902,491,08/25
Geoffrey Hernandez,4491675192925718674,001,08/32
Sarah Ward,213167515115384,738,07/31
Angel Mitchell,4895572903939484,719,11/30
Katie Clark,4892880578222893,821,01/24
Jacqueline Koch,4090628381099788,319,04/23
Tamara Burns,4069149930537645633,383,07/28
Hunter Bryant,213194684112893,078,01/26
Pamela Simpson,4173324799497984945,111,02/27
Pamela Koch,30128087534742,583,12/30
Drew Riddle,30562767937280,830,07/27
John Grimes,2221735713957744,801,01/32
Michael Fry,349544239205757,194,05/23
Kristina Travis,3535526773265519,501,07/28
Jessica Nash,30174201028237,924,08/28
Sherry Rosario,4898152831023,227,11/26
Henry Gibson,4660809225375,733,12/28
Phyllis Harper,6011691987709011,584,09/25
Sarah Serrano,3511233851306673,378,02/29
Michelle Stafford,4709127667564048,969,04/23
Natalie Smith,2225979571290915,9206,02/31
Peter Taylor,676340431920,403,10/24
Harry Morris,4005443238873367,587,03/32
Kimberly Stewart,347523464209975,337,12/28
Terry King,348210892600608,585,08/25
Jennifer Long,4818973491872471,831,11/24
William Johnson,4674420996967,635,09/23
Hannah Barnes,6552998103574939,849,10/23
Nathan Strickland,060423143944,197,04/27
James Wheeler,2708853523045261,465,05/27
Matthew Alvarado,3532681407070471,234,04/32
Wesley Maldonado,6011757922463566,609,11/32
David Fitzgerald,3588191409991289,897,11/31
Joseph Leonard,503866619201,522,09/24
Ian Mcclain,4760215503850,261,11/29
Kimberly Nelson,589133855611,597,11/27
Christian Mcclain,3574432617139733,718,03/23
Danny Howard,4070073786443,540,02/27
Dr. Billy Johnson,3540653143643267,947,04/32
Jessica Watson,4866664992439768,502,06/27
Tyler Cohen,3523693762050007,249,12/27
Alan Marshall,213109571074956,379,12/28
Dr. Kyle Anderson,6595265801628972,312,12/29
Andrew Baker,213133269527802,4643,04/27
Roberto Bolton,4796628752812683,676,06/29
Katherine Henry,3544468082725280,520,10/30
Daniel Finley,180049188681885,286,04/28
Lance Vega,213164841251322,082,11/26
Jeffrey Adams,676377007239,247,09/25
Laura Smith MD,3572309244320054,1936,12/27
Joshua Melton,3538776900139668,142,06/26
Brandi Alvarez,4099241613652493567,421,03/26
Timothy Davis,375042870409488,974,07/25
William Gonzalez,347379029388444,335,10/30
James Williams,30372476151045,807,07/25
Charles Boyle,2247084245523173,606,07/28
Jacob Maxwell,3541086373783603,8021,01/25
Amy Clark,180051953083966,515,12/23
Courtney Mckinney,4139565489571390180,951,08/24
Charlotte Knight,4765736211578,355,04/26
Brent Nelson,4579177647262244,547,01/29
Richard Elliott,4498606625479816,597,01/32
Andrew Andrews,5502060244945610,665,07/31
Jennifer Ramsey,2264037738530558,053,08/25
Robert Mason,4253349237108,916,02/23
Audrey Hernandez,6508813077369031,693,12/29
Thomas Vasquez,675934566257,330,05/24
Vincent Jones,4741842863897501,492,07/27
Mary Hughes,36761194288549,870,03/23
Andrew Green,3559248139270783,908,12/23
Don Dudley,564294974584,125,12/22
David Morrison,30087741355748,380,02/31
Steven Reid,30566867570420,295,10/28
Donna Frazier,4911561362652,089,06/26
Amanda Williams,180074725908146,326,11/31
Sara Peters,30532319704645,528,05/26
Cynthia Stevens,371274816066072,706,10/24
Albert Meyers,4359207706793,135,03/23
Tara Ortiz,4537732720237,530,06/26
Allison Chavez,4375880060159,976,11/25
Caroline Townsend,3514613951024259,541,04/26
Gabriel Scott,30083803782069,906,03/26
Amber Ramos,4516356973084786200,306,05/23
Dawn Khan,3500341851351095,477,06/26
Scott Carey,3583447134060633,059,06/24
Jacob Garcia,2419729911780679,9236,03/25
Jeremy Jones,501820924410,072,04/32
Amanda Graham,6516948758756187,944,10/26
Kenneth Roth,213104806206044,297,02/30
Timothy Cisneros,3573559455806667,144,08/29
Sierra White,6501908678853503,426,05/26
Michele Walsh,503829465718,394,02/26
Courtney Jackson,4112188968902574947,212,04/32
Troy Fisher,4475267768624762,669,04/27
David Russell,4922804291345025,824,12/24
Michael Russell,4308507634907203,517,02/28
Richard Barrett,4335286019843054,506,07/23
Makayla Schneider,30596771844512,973,11/25
Colleen Huffman,4736833709794843,169,06/25
Thomas Brown,4999775070244505835,765,07/24
Kristine Cook,4626727270184355,040,09/32
Kathleen Ross,213159442077985,718,12/32
Nathan Hanson,180010441205490,302,07/29
Carl Williamson,577438318286,068,08/24
Lisa Smith,6583932847974694,200,09/25
Derrick Daniel III,4904254650659537,932,01/29
Joshua Silva,4391405784212243,209,04/23
Lindsey Graham,4592412063085,071,12/25
Jacob Perez,36628835594363,2331,05/27
Adam Davis,2697911903080101,844,12/29
Maxwell Riley,4110846203440230,777,07/28
Joseph Blair,4187328929347534,574,03/28
Barbara Sims,3513036342241096,878,05/31
Nancy Collins,30564326022166,496,02/26
Richard Simon,2292835260320389,919,06/26
Nicholas Lee,4418780552939662850,173,09/25
Savannah Carr,30423870114384,344,12/22
Jonathan Smith,4441256513551470,285,02/29
Daniel Thompson,2709476920539840,187,08/28
Shannon Small,2589131192407185,231,07/23
Jennifer Yoder,675973056756,023,06/30
John Stone,2521720877822618,203,12/31
Steven Green,36766946800335,775,07/31
Henry Perry,4037741738685289750,882,09/30
David Edwards,4591783046224,414,11/25
Ryan Walton,213101086158622,775,08/32
Larry Hall,2710192653104788,276,10/27
Timothy Vazquez,4257862420307923,1522,10/29
Miss Mary Bennett,676300280861,4731,02/31
Joshua Williams,4033673423498119,157,08/28
Cynthia Moon,348912777661817,3450,06/32
Robert Edwards,3580406069914654,015,05/27
John Patrick,30157961289131,1737,12/32
Mr. William Gallagher,4656278162032,785,05/31
William Kline,2487819211931192,254,01/29
Scott Chen,4990606518280043,894,06/28
William Thompson,6537928346377576,7072,03/32
Jennifer Herrera,3556659866814747,1657,04/32
Michael Miles,2257246491400656,099,01/32
Joseph Powell,4327831422061,505,09/23
Steven Haynes,4070259694170606930,9688,11/24
Patricia Perez,6011635511927250,036,02/30
Mr. Timothy Grant,502051144496,918,03/25
Kaitlyn Li,376383372598652,018,04/29
Angela Mercer,30443121026948,386,10/31
Justin Pierce,501830585763,192,07/28
Kenneth Hamilton,3559227644640896,043,01/23
Lindsey Griffin,4791448781855303298,844,11/24
Randy Alexander,379393372298721,332,03/23
Mrs. Shannon Johnson,38033691943945,023,08/24
Patrick Wilson,4985682873565,543,02/26
Kimberly Clay,3500672452853547,230,11/32
Eric Lopez,4291366761861769,957,01/27
Hayley Dickerson,2252947833468666,3377,02/29
Catherine Woods,3504255916753440,147,06/28
Timothy Lewis,4758672926758980,308,07/24
Debbie Soto,6545143104546228,605,05/23
Taylor Cordova,6549482826794377,318,10/23
Sharon Davis,3588678025496362,348,03/27
Sharon Lee,30040763370459,020,04/29
Todd Hernandez,3551270859610798,699,08/32
Rebecca Anderson,344265041296900,579,10/27
Jacob Hanna,213118173288088,488,10/27
Evelyn Wilson,3575199104233829,8723,02/28
Anthony Stark,4051282034755375,332,03/29
Sue Shepard,343162241492853,976,01/23
Cheryl James,3552493019249823,045,11/27
Christopher Mullins,675918173948,8147,11/30
Amanda Scott,3530656426215853,313,10/30
Cory Lam,4411982472788060,270,11/26
Austin Price,4493746133393060,157,09/29
Robert Wright,30174410591710,751,08/29
Brian Williams,4571614956528917104,245,02/23
Eric Hernandez,213184270823805,148,11/26
Kellie Morgan,3587248437521578,448,07/31
Sarah Lee,3598586524454675,703,07/25
James Young,6526306624836352,656,07/30
Andrew Fleming,5490328221622393,078,05/31
Lindsey Watts,4799916564090722,459,12/31
Joan Thomas,4792700205078982,047,04/29
Henry Little,4440260201038809,851,06/30
Mark Martinez,345704498900746,733,01/27
Kimberly Sims,3575461492038941,5528,01/25
Jessica Hernandez,377646606175243,707,09/25
Elizabeth Duncan,630443239409,133,03/24
Gregory Deleon,3509553632171300,286,11/29
Michael Sullivan,213193295578724,757,08/24
Joy Brown,4149537211796490,846,05/23
Tammy Wade DDS,3511560646583319,579,10/25
Mark Pennington,4821815462802042,323,06/24
Joseph Brown,4232115744353556,573,04/29
Lindsay Garcia,2265360936576259,118,01/29
Taylor Case,377643783471586,908,08/31
Keith Copeland,30238204416267,219,12/27
Michelle Wall,3543489372989551,096,10/28
Emily Rangel,4711737505104629,832,01/28
Jeffrey House,180039115195117,4329,03/25
John Johnson,3599614809738411,7067,08/27
Craig Griffin,3591428097392932,1177,08/29
Kyle Smith,4426752741044,790,08/24
Mark Ramirez,4902252209404522,234,09/32
Dylan Marshall,5194040256552838,726,06/24
Mark Alvarado,213196244449459,613,03/24
Rachel Melton,2357759626438044,496,10/25
Roy Cox,2700657520170362,765,01/26
Crystal Salinas,4162212008779,2789,12/31
Robert Johnson,4444514189868213691,842,02/27
Diane Torres,6011475220945958,136,09/23
Linda Nguyen,5529219330925931,9034,07/27
Yolanda Hernandez,2592678350795145,6651,07/27
Lisa Hoffman,4483861625813288509,8423,08/25
Angela Diaz,4911479581110570,709,12/25
Adam Lopez,5493547895164898,617,03/30
Michelle Lopez,3593960766275533,357,02/29
Charles May,180024679843096,2029,06/30
Tiffany Parrish DVM,4372939024223300893,979,08/31
Stephanie Burke,3560282006967418,6549,06/25
Mark Blair,180050111231491,105,02/27
Jordan Anderson,4929774499202,644,10/30
William Williams,4544402387586,5324,11/27
Mrs. Haley Hart DDS,502052074999,700,01/27
Jessica Valentine,4999436876014,848,03/25
Jennifer Hensley,370808329963431,332,09/27
Raymond Bates,4769587572278,982,02/30
Todd Paul,3503878840833136,409,12/26
Brandy Cook,3500726876063362,442,08/31
Brandon Atkins,3506000830365485,905,09/31
Dale Blankenship,4717531508038668,8932,04/24
Micheal Garcia,573676123462,313,01/26
Joshua Anderson,4682002983550,636,03/31
Mrs. Christine Caldwell,4245548009247,896,06/30
Lisa Thompson,213146009728977,953,08/25
Tonya Arellano,30050055284391,709,12/22
Mark Rose,4042841803016,0435,04/29
Glen Robertson,675995578225,973,12/25
Morgan Adkins,3537765622275588,496,06/25
Debra Jones,3515067418474566,018,08/29
Wendy Ochoa,2269308132036525,653,12/26
Jacqueline Smith,30207593358299,077,07/28
Elizabeth Brown,3528292963667431,642,05/23
Isaac Li,3520845888617118,383,11/32
Ann Ruiz,180001465661759,055,08/28
David Huber,4550500727427655,578,10/28
Cory Dickson,372390328237529,486,05/26
Sydney Moody,4741734235267077,812,03/23
Olivia Cherry,676372370137,011,03/31
Michael Washington,3579560923693939,293,07/32
Carrie Goodwin,4264123522596157,310,08/30
Taylor Gutierrez,30556320663136,866,02/23
Hannah Wagner,3588793215863766,386,03/23
Nicholas Smith,4981994537493,3706,09/26
Justin Kim DDS,2700210595531587,184,03/24
Tammy James,501880877953,797,10/32
Nicholas Smith,4956413585591093,472,11/24
Denise Barton,213143446317514,493,08/32
Derek Mclaughlin,4322607120025096055,033,02/32
Bradley Odonnell,2242146228658667,737,03/23
Mark Hamilton,3516021579179422,841,11/30
Charles Williams,213154555817376,327,05/29
Michael Mccall,5118648056792439,809,02/28
Carol Hopkins,4794295496203579,972,07/27
Carla Pham,570712473075,836,06/32
Elijah Smith,180082011448743,2030,03/30
Maureen Russo,3577749140114264,605,05/32
Angela Brooks,4769253258455862,589,07/26
Matthew Mitchell,3575815086567153,222,12/28
Brandon Williams,213136547876149,029,07/32
Nicole Barker,4037694792247263,387,01/31
Karen Morrison,584768171723,662,03/32
Jennifer Jackson,6544557056191686,567,12/31
Brian Rivera,639007082410,787,07/25
Nancy Carlson,3557236038237971,855,07/30
Sarah Washington,347248096293789,854,03/30
Jonathan Kemp,3556337755850094,958,03/32
Gregory Hernandez,213181984647777,406,07/27
Michael Davis,4469100504375837,684,10/28
Tracy Garrett,213182273862291,6939,01/24
Karen Vazquez,377137409705782,548,05/25
Melinda Combs,2479311101188836,370,01/28
Hannah Cook,4792159492667,273,07/25
Dustin Gregory,676246575838,394,10/30
Dr. Sarah Butler,180098025260858,763,04/23
Pamela West,060438705604,916,03/31
Sara Austin,4159225972683241,586,02/31
Megan Smith,370270702899049,824,01/29
Andrea Garner,4824342332714,567,12/30
Faith Fowler,3515906234700532,013,07/27
Cassandra Holden,503877496060,738,04/23
Matthew Berry,180064697100616,311,12/28
Nicole Sanchez,2441495313405859,0098,11/24
Christina Myers,30150760416518,099,10/24
Daniel Taylor,4058934100014455441,943,04/29
Anthony Mcdowell,4635346399025103647,142,05/27
Kevin Mitchell,378388125260722,457,01/27
Jeffrey Vega,30225328345555,785,10/24
Phyllis Smith,4540850348812593213,170,09/26
Alison Parker,3517141900410863,447,07/32
Fred Anderson,3550326674041725,055,06/31
Patrick Rivera,213113156904868,293,02/30
Emily Hansen,2268332581214095,478,11/23
Matthew Moore,3584796233332262,727,01/26
Eric Lopez,4533398863826729,0609,08/29
Michaela Brock,4328241501799396,1134,10/27
Brandon Green,4666303760064,185,08/27
Kelly Castillo,6011418082181262,076,09/27
Nathaniel Simmons,501896366843,051,04/28
Dr. Elizabeth Garcia,4161989679093,1528,01/32
Scott Taylor,4225206420423,281,04/23
Ashley Gutierrez,372641570584434,986,02/27
Rachel Dalton,6519174478522273,991,10/31
David Mcdowell,341181544579291,548,12/26
Lauren Becker,4033439863079945837,844,05/24
Christina Horton,4383953212319890,400,08/27
Ronald Beck,4545979538857,667,04/25
Amber Hampton,4861882270789,000,11/30
Laura Berry,3559336404371772,672,02/27
Lisa Wilson,4063642128442774,342,04/24
Sarah Lewis,6011386495381607,400,03/30
Matthew Gordon,502059378229,889,09/23
Nichole Jimenez,345142890858735,467,12/23
Morgan Hill DDS,180079426573610,576,12/23
Shawn Anderson,6525100934470072,504,09/29
Mariah Perez,060486193950,023,05/27
Lauren Schaefer,3595087626013595,013,11/24
Brian Wells,180071242202474,032,04/27
Duane Rodriguez,4686135045135479,310,10/26
Erin Fischer,3595993405031064,7537,02/28
Christopher Dyer,3572104613442963,078,11/30
Julie Lucas,180007226852447,308,06/31
Adam York,213128148956875,571,11/25
Nicole Davis,4262506564972,726,10/24
Ashley Cruz,2223548813374464,646,01/26
Daniel Duncan,3564148808406663,032,07/25
Michael Shepard,4191863479740,606,02/32
Bailey Roth,3599844175267519,358,08/30
Victoria Johnson,3553108741944405,984,08/27
Lindsay Webb,3559509636051491,027,02/25
Nicholas Hill,379206472094602,018,07/31
Jennifer Blake,4150628227047329,120,03/28
Brenda Gregory,4582141558299,250,06/31
Kevin Levine,3572730406081772,977,08/27
Michelle Norris,3550954213136985,199,06/29
John Armstrong,4391559310758267,693,04/25
Angela Hays,30181812579680,224,12/30
Eric Smith,3518060988371160,328,06/28
Steven Petersen,4761377611663,838,10/31
Judy Collins,676134670469,080,01/31
Annette Bradford,373893760417128,9921,08/27
Benjamin Stafford,3587294283231680,708,10/23
Kenneth Pratt,180030156240540,708,03/32
Scott Kemp,3515525687666469,586,11/32
Lisa Martinez,3554837274156198,029,01/24
Carrie Nichols,213128524080803,9154,04/25
Sandra Glass,3503529049411501,936,02/23
Stephen Terrell,4383237467397623,513,11/24
Sabrina Anderson,3599468584823983,812,09/28
Joan Brown,213101429738882,749,03/24
Loretta Gutierrez,6011606524786272,737,11/27
Robert Pope,344858831369372,475,05/29
Lydia Richardson,213161812506759,741,12/30
Diamond Robinson,4671042856717121,083,11/26
Lori Booth,3521049306861338,288,07/27
Lynn Rodriguez,30498173729666,581,10/30
Samantha Russell,30279199270640,586,08/29
Jason Carter,36393864930141,049,04/31
Katherine Hernandez,30478059747735,533,07/23
Lisa Stevens,4476150111126116723,578,03/32
Thomas Jenkins,180030720559177,047,08/27
Ana Jones,4753071195009271,3471,09/32
Tabitha Green,676203322992,393,12/24
Meredith Jones MD,4166660471468887,585,09/23
Heather Jackson,4113034785545018,157,02/26
Kelly Baker,374625145326395,862,12/22
Maria Dominguez,30352678423079,787,07/26
Joanna Brooks,578105221381,932,01/26
Kenneth James,3520884686545130,301,09/23
James Brewer,30360789841386,896,08/25
Brandon Carlson,30571175050644,593,01/30
Sandra Kelly,30522204439845,788,07/27
Adam Parker,2284877167902851,997,12/29
Crystal Garrett,5421642214353194,696,04/28
Dr. Stephanie Moss,4981973661818826,811,03/30
David Smith,3544327276530023,163,12/30
Courtney Robertson,4196518769023455,600,08/25
Rachel Perez DDS,060407630296,667,01/32
Dorothy Smith,4199281166758902329,7933,08/23
Roberto Garcia,30225377780504,702,12/27
Jennifer Dunn,4065609380047169,120,01/31
Sara Hester DDS,570433954882,609,04/32
Joseph Kane,4290916371329572,5347,03/31
Gary Johnson,4370742441608149,126,04/27
Justin Figueroa,4578964173521,653,06/24
Kenneth Gardner,568302965062,704,11/27
Chelsea Rodriguez,2230659437389167,860,09/31
Justin Dean,5376219739307792,365,03/24
Robin Jefferson,3567696767940194,066,05/29
Aaron Day,213168887620126,715,03/30
Kristen Chandler,3572363129196485,114,08/24
Paul Madden,180000389087190,013,11/26
John Baker,4552489148714,949,11/26
Christopher Pham,346911715469145,549,03/23
Elizabeth Johnson,501840104852,974,10/27
Anthony Nichols,3513987018142218,774,05/28
Ariel White,2607357143983218,218,05/30
Ashley Williams,180001396731853,993,05/27
Jennifer Wall,4922148321149871513,1104,03/27
Sandra Carlson,571694674094,518,06/30
Gregory Waters,6011590503249421,994,02/24
Jessica Miller,213199802422066,8432,02/23
Kelly Taylor,348432960015887,015,10/23
Brian Meadows,213147869379893,662,08/24
Laura Blair,3544716693691774,623,08/32
Michael Gregory,4703046995440,624,10/26
Courtney Gomez,5232674431946731,7581,03/30
Chad Boone,675979516225,281,03/29
Jacqueline Turner,213193539282588,878,08/30
Dr. Michael Ruiz PhD,676327970122,840,08/29
Susan Moore,6567382926804745,281,02/26
Christina Taylor,213197958321017,266,02/30
Mark Doyle,3506290186425443,802,11/23
Susan Montes,6568494479224848,797,03/27
Wendy Rhodes,4924774954981770,941,09/27
Warren Moore,4702466886824,143,12/26
Crystal Evans,4909561163113892,861,04/23
Tyler Bennett,4467111666170812888,167,01/32
Tara Adams,4062221490948071,007,03/32
Eric Reeves,30228700029276,694,02/31
Dustin Schmidt,4332584997246750,947,07/29
Ryan Rodriguez,3594264136439302,874,10/31
Taylor Ross,3551164066165466,802,04/31
Christine Stanton,570082991334,286,02/27
George Yu,30311664784274,690,04/25
Joshua Thompson,503888890467,6761,10/29
Heather Mcintyre,180033531885385,540,05/27
Brittany Hood,4763691431943,153,01/29
Lucas Jones,3550545446664551,351,12/27
Tina Miles,30556774262351,018,12/31
Kristin Garcia,4714979132233413483,403,01/31
Andre Salazar,30309878178564,291,10/26
Kellie Rojas,378380282545334,309,11/31
David Wright,372721856796082,295,05/29
Riley Blankenship,4676253727815,591,10/23
Bryan Bowen,4817475972369143,434,10/24
Kyle Thompson,4735004226964563,331,01/31
Nathan Oneill,3548662138449350,309,11/24
Olivia Ross,4927332179063655,567,06/25
Caleb Johnston,589288844915,877,10/29
Angela Wade,3588377121663740,578,10/23
Desiree Williams,5502289831340188,261,10/28
Katherine Gomez,2288522325331728,374,08/29
Michelle Diaz,6570949249104576,767,08/23
Morgan Weber,639053200569,379,06/30
Rebecca Kemp,4935343636570448,082,01/28
Jacqueline Gilbert,3544717510985779,411,11/26
Rachel Johnson,676101199559,003,02/26
Derek Mcpherson,378270986715822,2912,09/27
Briana Wilcox,4106706838241,581,01/31
Nicole Robinson,6550593842205259,404,12/23
Mr. John Melendez,4003619128966120,777,06/31
Jessica Wu,180073169773271,754,10/30
Nancy Martin,3532496514296475,403,06/24
Terry Robertson,3592401688013687,307,09/29
Bonnie Williams,6590941885931236,325,06/31
Ronnie Greer,587104868191,107,01/29
Mary Ware,4628751856511499261,965,12/24
Kiara Taylor,3541845666120975,915,08/29
John Golden,4855967920162797,677,10/23
Victoria Gibson,2624465210677073,777,02/30
Cynthia Jones,6011543234870460,261,01/24
Travis Pierce,348657596990331,785,05/31
Wendy Barber,180012640326556,538,01/28
William Garcia,503860132904,657,10/23
Eric Grant,3550292087673894,656,03/32
Linda Harper,36527793048547,488,06/27
Joseph Miller,4390585625957634,4015,10/30
Emma Martinez,4573685686174,005,07/24
Tonya Brown,4090516891673285,877,12/25
Joshua Russo,4807429504651181,896,11/31
Sharon Stevenson,344609154387347,195,07/24
Jean Krueger,4534744207473760,560,11/31
Alex Avila,676145200256,901,06/30
Katherine Duncan,340998584827368,987,10/25
Glenn Newton,213175507893470,687,04/23
Anthony Allen,4678707540948560131,363,06/26
Crystal Bradley,6525707018648421,080,07/24
Ann Austin,060426327577,912,04/31
David Boone,574655265134,976,07/27
Sarah Mason,4974800428551254250,078,11/23
Willie Gallagher,213173804828729,651,11/25
Monica Young,4599110836165452,832,08/27
Jessica Smith,5435118944765126,606,02/30
James Maddox,4195100290414167437,492,04/32
Mrs. Jamie Roth,676317122379,146,09/26
Dennis Chen,676180633189,910,08/25
Angela Bradley,3599029509844288,497,03/26
Scott Morton,3514263002240809,963,05/27
Kimberly Delacruz,378611064433814,255,07/32
Wesley Barnes,372194765770756,617,08/23
Gloria Doyle,501896814982,733,06/27
Brian Sanders,3559346681645996,726,07/24
Michael Morrison,4884815953872391,238,12/23
Jodi Martinez,38749515979753,969,11/24
Karen Thompson,5413991929057602,805,01/27
Andrea Fernandez,630441050576,440,10/29
Amy Porter,3533867458504406,414,06/29
Edward Edwards,36046215207086,067,05/23
Chloe Odonnell,4648541289324688990,417,11/30
Joseph Edwards,3518960435252766,885,08/27
Mark Hall,371106433549306,323,04/23
Deborah Davis,6011879700052682,881,11/32
Samuel Garcia,6011537751634127,944,11/26
Maria Knight,3535754827199365,005,05/29
Susan Meyer,3512730829017877,361,05/27
Katrina Walker,6527981206316293,890,08/24
Brandy Haas,4930217756041916,326,12/29
Gregory Lynch,213117674900522,741,06/26
Michael Gonzalez,3559471008988000,383,11/32
Andrew Miller,213177302800684,724,09/32
Zachary Cannon,6011756429134688,391,12/30
Matthew Martin,6011456107500926,466,01/23
Rebecca Fitzgerald,213195518920435,366,12/28
Jacob Chan,5382265350366882,161,02/24
William Rogers,2249561450016066,085,01/23
Cassie Hubbard,4194792506436268408,392,07/24
Brian Meyer,569259013401,002,04/28
Mary Shaffer,340154747968604,152,03/26
David Carter,2282406917391124,011,12/28
Jennifer Woods,4325335464449164,852,09/27
Michael King,502003033961,754,12/28
Jessica Hall,565764265965,824,05/31
Anna Wilkerson,4515789850569136,903,01/25
Paul Waller,4012578140409399638,106,03/27
Ashley Lee,4552530355112400,382,06/29
Jason Kline,3536170900461672,794,08/30
Amy Simmons,6011683674463333,857,09/27
Jessica Stewart,4152794238426551,029,04/31
Edward Burns,180089883926813,392,09/23
Stephanie Barber,38306339998137,870,05/32
Barbara Phillips,4902031198706570,543,07/23
Victoria Wallace,345454599943837,9511,08/27
Mr. Ryan Thomas MD,501866804849,166,12/25
Jennifer Knight,3565018924600722,965,09/27
Victor Delgado,4528776956449732008,362,11/23
James Hernandez,4001871648757982,408,04/23
Clayton Obrien,5339164313922770,1097,06/29
Paula Dillon,3528565694094979,190,07/31
Jean Willis,378538909949383,566,02/26
Casey Peterson,4738867862556225,7470,09/24
Karen Hopkins,639011474975,171,07/28
Stacy Blackburn,6011454745611213,325,12/25
Stephanie Schneider,502034227046,417,02/31
Ryan Cook,4489714786071371,284,03/25
Melissa Gomez,346602961223167,714,03/24
Ronald Brown,4880025170801785,352,03/28
Matthew Montoya,213183265287596,986,07/25
Jon Smith,346197601846204,935,01/23
Beth Obrien,341026277955467,275,01/25
Samuel Oliver,6011771894931310,4098,03/32
Marvin Martin,4802459296550579531,2591,02/28
Amy Williams,213166228823334,878,06/29
Michael Scott,4218497167055019,6446,01/31
Stephanie Johnson,2719890820069534,371,08/26
Michael Rocha,38488008051875,280,07/26
Tony Martin,5419314101988037,363,02/30
Michael Carpenter,180047475868413,3945,10/29
Daniel Mason,36599599805867,846,06/32
Natalie Williams,6535211210917591,883,06/29
Joseph Johnson,180003190836391,061,12/28
Brian Andrade,3519867461953481,802,02/28
Veronica Jacobs,4902898349717981,639,07/28
Leah Knight,4438069245567739,492,03/24
Kenneth Martin,30450573252195,988,08/27
Karen Strickland,562691569270,591,03/25
Jennifer Watson,2387666798588783,320,03/32
Derek Buck,4034830696634,402,12/26
Debra Joyce,639096759563,1694,01/24
Maria Carroll,4761073431728037,663,12/22
Kaitlin Hancock,38436243032960,661,04/31
Roy Collier,38291261239587,172,01/32
Tracy Jones,213189454650411,223,12/32
Chad Wilson,4750178748155858,164,05/26
Heather Hampton,348218525063193,8483,08/25
Spencer Chandler,4064754307790917586,917,08/26
Jeffrey Potter,4409618459908449516,947,04/26
Christopher Vargas,347239741055129,642,07/29
Allison Larson,3559845350264369,509,07/25
Jonathan Davis,4667999473947,432,06/29
Tracy Riggs,6532844916514180,601,04/31
Lacey Short,3588228180130685,605,05/31
Erica Hill,3586186025578678,955,07/29
Cory Stanley,4785241324179,678,12/24
Jonathan Woodard,4522371842283702442,183,11/29
Matthew Curtis,4997482587546042,9363,04/23
Benjamin Griffin,3597065324450416,370,01/27
John Lewis,676176347364,180,09/28
Adrienne Cook,6534177707013247,267,09/29
Troy Ruiz,060458449604,579,02/28
Miranda Mclaughlin,3529743301793585,508,02/27
Jennifer Choi,2281491158669066,010,11/24
Billy Brady,4621250431372806,553,10/24
Isaiah Villarreal,3522535654400819,677,10/29
Martin Alvarado,583544924272,352,02/27
Stephen Lee,6586980864732823,764,12/23
Garrett Adams,4428290421421994,9867,12/32
Brandon Burton,30280269282978,833,09/29
Jacob Hall,342927053035698,893,08/24
April Zamora,4565385629042577,407,11/28
Joe Kim,340558966846830,605,03/26
Bruce Benjamin,2440413716808703,778,09/31
Nancy Smith,30107086412266,337,12/26
Jennifer Russell,30339601140649,955,10/26
Justin Bryant,502042236286,951,09/26
Maria Torres,4484503843338416891,086,05/26
Joseph Jackson,3514240650510568,2639,11/31
Richard Rice,4509599093364785640,952,04/29
Benjamin Hines,6011273214476357,566,07/25
Daniel Davis,4291464933036541,443,11/32
Marissa Adams,4311278701583,008,11/28
Denise Martin,4035233481151,089,08/31
Sara Franklin,639030878149,172,07/28
Juan Mann,4382375401336587,345,10/23
Sarah Morton,4433608778101103931,858,09/30
Natalie Morrison,3571039925071913,076,03/29
Paul Khan,4277090872347371,302,03/25
Suzanne Cantu,676390575139,103,01/31
Mark Ford,2289903678964845,183,09/24
Barbara Jones,676320898783,575,06/32
Vanessa Mcdonald,213160148256881,980,10/30
Christina Mora,4386730143559662,786,09/27
Tim Rogers,3505426193745131,775,01/26
Karina Whitaker,4139472441751430957,402,11/25
Donald Pearson,30004442950545,341,07/30
Nicholas Davis,30568133097840,564,04/28
Dr. Tiffany Johnson DDS,30511796312650,342,12/32
Kristin Floyd,3550029405318673,697,06/23
Sarah Jacobs,3569056126904613,347,10/23
Dominique Wallace,180066537772330,772,08/26
Amy Mckee,3549016690584618,808,10/30
James Bender,4951985820620766,399,04/28
James Hughes,213166793254253,833,07/32
Austin Williams,4441334846338851095,357,01/24
Maria Wood,376898006684735,682,07/25
Heather Taylor,6011630261660243,009,05/27
Sharon Curry,6559493303466386,0983,07/24
Thomas Holland,3576814510528518,242,11/32
Christopher Bray,4307794472634195,596,05/32
Michael Parker,4439011492222260,538,12/28
Michael White,4288436286964,056,07/24
Lisa Bush,5536161486224399,444,03/30
Debbie Charles,3562727733000022,732,01/27
Theresa Jones,4428258161526389,666,07/32
Bradley Marshall,4976022374614160059,439,09/25
Christopher Foster,4251601055743358,701,08/29
Timothy Gardner,379173503140939,886,07/27
April Griffin,4871738463344468,846,05/27
Ashley Price,4599705324910448744,5962,04/27
Deborah Murphy,379139061670328,297,03/24
Holly Daniels,180080681694877,3842,03/30
Ashley Sullivan,341655831061568,709,01/23
Gloria Smith,180079464702659,078,07/28
Gwendolyn Hardy,4466246893911873,628,02/24
Gary Perez,3566698619940449,0644,02/24
Melissa Lawson,4891595960757398478,776,04/25
Patricia Wilkinson,2720305613505187,213,05/31
Kyle Miller,30418115020636,427,04/23
Shelley Alexander,36626175548791,035,04/27
Dana Craig,180070369238592,345,05/25
Kayla Young,3509591027213758,707,03/25
Tamara Bailey,5334280597782188,936,01/27
Eric Bailey,30469553318669,9422,12/31
Louis Martinez,4698601772831627561,274,08/26
Angela Smith,374042600956445,537,04/30
Todd Williams,6011807832094819,059,07/26
Tyler Moore,060464581226,7231,04/28
Pamela Blackwell MD,344350163778321,058,09/29
Dorothy Perez,30511876532037,566,03/31
Jonathan Perez,4099638295569116,933,07/28
Michael Vazquez,180031513965191,920,09/31
Ashley Hill,4317140381404031,479,05/27
Michael Valentine,630427715184,705,03/31
Shawn Davis,4294719200458,772,04/28
Jennifer Clark,676262468918,776,01/23
David Fox,4016356054663240,476,03/25
Eric Bennett,3589453374723694,711,09/29
Michael Bautista,3507394891854951,507,12/24
Tracey Fox,6548272415161646,983,01/24
Nicholas Newton,6011278523617526,286,02/32
Anna Gould,060472435423,637,02/28
Christopher Chavez,346054336183967,839,09/30
Jeffrey French,3502043706575039,959,07/23
Morgan Cobb,379184245695932,628,08/25
Edward Reid,4665004363531070,307,11/31
Molly Cole,4745321767918263,569,05/24
Brian Roberson,4798879000912597,926,07/23
Brenda Kaufman,213184990686805,3780,07/28
Brian Sanchez,4169533887003985,716,03/32
Raymond Moody,36074314385058,802,08/31
Rebecca Williams,3546106343079703,443,05/31
Dale Murphy,4160679045545503115,408,10/24
Lisa Stone,30181467723013,997,07/25
Debra Holmes,3587150828370773,896,06/28
Kelly Dean,4654792578044144,663,06/31
Hayden Cunningham,060413766795,714,04/27
Timothy Webb,343615373881706,8271,12/27
David Reeves,342431819229026,045,06/23
Jeremy Atkinson,30231361530145,360,01/30
Michael Chang,2720279567661249,741,05/28
John Carpenter,4132904780291162841,288,08/29
Lance Marshall,6011749333435986,246,06/30
Barbara Phelps,6508010158440530,254,04/25
Amber Holland,30427108285841,240,06/25
Timothy Austin,4748242686317048,725,04/27
Noah Wilson,3592642822359656,178,01/32
John Lam,570137227692,343,10/29
Michael Howell,213144063715261,514,01/25
Crystal Brooks,2299627954123325,296,03/30
Matthew Smith,3530887465259821,921,11/30
Carrie Hart,503813890624,023,07/24
Barbara Smith,5422737782381756,786,08/23
Peter Hughes,575850018202,132,10/32
Catherine Espinoza,3551783647471802,945,07/28
Connie Mclaughlin,4164952277490188804,664,02/26
Joshua Collins,4893613757911719688,808,05/25
Mary Thompson,213161486401808,186,03/24
Heather Smith,6011220333095113,357,10/27
Patrick Petersen,4417096274606595914,819,06/25
Alan Kirk,6011396599253339,975,04/28
Laura Hayes,213179731998998,267,02/28
Cameron Taylor,213167130689516,456,03/26
Adam Frank,4861951048198816208,387,06/29
Austin Morrison,4121373896240,164,09/23
Pamela Anderson,3520006300905348,360,01/32
Judy Williams,2712428769530823,781,09/26
George Romero,340722875371013,093,08/25
Anthony Mcmahon,2356765802652986,032,12/24
Vanessa Oconnell,675984525203,4619,11/25
Cynthia Morgan,4744675067994,371,05/27
James Walker,341561435146542,3624,03/32
Heather Wallace,630438033312,158,04/24
Brenda Torres,3574644747627425,196,11/28
Veronica Duke,3585300916649065,518,06/31
Robert Anderson,3501700427486405,213,06/30
Caleb Riggs,340301213989628,257,10/28
Jasmine Cox,675924019481,367,10/30
Michael Diaz,4364180278668886,762,11/32
William Davis,4354234083447879702,887,10/32
Jonathan Mathews,4888199093384732,736,10/29
Sherri Beck,4712416348601,882,11/23
Brian Myers,213184033868337,103,11/28
Mary Perkins,30297028844963,473,07/26
Michael Perez,373339823144036,055,09/27
Donald Brown,501836526902,003,02/32
Jeffrey Frye,4836844683146040,414,02/23
Dylan Payne,587870621246,016,04/29
Robert Brooks,36393288270322,174,10/31
Travis Lewis,4525590401959885,526,12/24
Penny Turner,4740956234972,679,08/26
Pamela Cox,4065204457249683983,827,12/22
Ashley Schneider,6011562043503641,028,05/29
Chelsea Mahoney,180018385666627,616,01/24
Carlos Lane,348635378862852,817,01/27
Dr. Patricia Howard,213147660541642,134,04/31
Dawn Walker,3537252613234791,167,08/24
Patrick Thomas,564312666832,039,10/31
Andrea Tate,377942102128806,277,12/31
George Mitchell,180081956824827,409,10/30
Alex Cook DDS,2257650570646362,638,04/26
Ashley Levine,4105870862459165083,169,05/29
Bruce Mason,3582095289424160,569,04/32
Kyle Garcia,6591664596656574,0188,11/25
Victoria Cooper,377504735048429,894,10/31
David Riggs,6011956741118357,534,02/28
Erica Watts,676121051103,288,09/32
Tom Hernandez,340033880084181,565,01/25
Tamara May,4276521191561,462,02/24
Scott Malone,342289982987030,769,12/24
Rachel Rodriguez,4589654256875639,602,11/25
Abigail Newton,3515445692546152,518,12/25
Jeffrey Chase,2713783473839723,083,07/23
Luis Williams,2720080997425530,480,10/28
Lauren Jones,4594676282146,973,10/28
Jackie Patel,4380759974672746,493,10/27
Alan Clark,30124307657231,105,11/30
Nicholas Dominguez,6501656811664499,162,02/27
Nathan Harris,180097163066663,833,01/31
Terry Kemp,4410378300286,598,07/28
Erin Jackson,575693588221,5029,06/31
Gregory Hernandez,4912297671899158705,359,04/29
John Eaton,4835524544827761,860,11/30
Teresa King,4524032891447627,020,07/32
Carolyn Gonzalez,3522869766198221,074,05/31
Joshua Gardner,4833287971511710,898,02/23
Timothy Fowler,348632409117349,803,09/23
Robert Mcguire,213129548830546,355,09/27
Brandon Reynolds Jr.,30098463559169,290,08/30
Janice Brown,30550517213409,180,02/30
Peter Jimenez,501844346442,262,01/26
Denise Jefferson,3528328728402381,091,01/26
Briana Long,180098769430170,997,04/29
Lori Shaw,4260606005302840,8340,03/23
David Roberts,4112165380402,929,04/26
Matthew Fitzpatrick,3522526876412948,215,03/27
Jeremy Leach,3504047827003902,847,10/31
Michael Shannon,370768845648736,6874,03/26
Edward Evans,30438054134743,848,08/28
Sean Robbins,3572432541650690,9656,08/30
Steven Lynch,180034188895974,392,11/32
Beth King,4356695209265371160,0975,10/25
Claire Booker,213163357508539,178,01/23
Stephen Gonzalez,213136270523611,754,09/28
Monica Cohen,4203445961327321,662,06/23
Tracy Rodriguez,6552415982874041,116,08/28
Kenneth Walsh,589221334487,260,09/31
Julia Frazier PhD,345508080394766,172,01/23
Stephanie Thompson,4432591118710542792,552,07/25
Austin Carter,36379613287503,920,11/32
Daniel Adams,4015199849823,042,10/24
Taylor Shepherd,341236197667700,216,02/23
Dustin Rosales,3580996542175238,754,03/28
Angela Gray,4809508764838675,283,07/25
David George,4259601715541,7600,06/23
Nathan Baker,4573004618189,762,12/23
Troy Miller,4359102897888290410,360,06/32
Brianna Murphy,3578152176971328,4462,10/26
William Patel,4996556121715998,976,09/27
Carlos Davis,4323406560505074703,150,11/29
Matthew Holmes,3538080130519140,813,07/31
Crystal Gomez,2648355340754342,750,07/26
Elizabeth Arroyo,213134006456446,093,07/27
Benjamin Martin,4098285265110587,628,09/29
Jennifer Lester MD,3504871452410037,226,05/31
Eric Bailey,4397222983810265939,654,12/30
Linda Stewart,5521819287927364,185,12/31
Kristina Marshall,30199743597381,947,08/32
Steven Neal,580781366886,854,08/28
Robin Blanchard,6555614435140235,582,03/23
Darrell Diaz,4784782306398,6631,03/28
Nicholas Marshall,371128750504730,128,03/27
Katherine Hernandez,3506508779494108,680,10/26
Timothy Thompson,4234598767169,236,02/28
Denise Paul,676309518071,605,06/24
Steve Roberts,349803460376913,461,05/30
Cristina Foster,4759159780141514557,574,03/24
Margaret Vaughn,2616494051153986,278,01/29
Gabriella Strickland,213114168727198,082,01/26
Ruth Gomez,180048632944139,056,04/25
Michael Herrera,4172380921990396,810,04/32
Joseph Lopez,4771451827069,494,08/30
Carlos Espinoza,30281022546543,9097,11/25
Kristin Hughes,4700090299042,665,12/28
Emily Mathis,4932546766163,341,12/28
Sarah Horton,3535710754586792,413,08/30
Nicole Castro,4704801630508531,180,03/31
Scott Mason,6011270437928719,914,01/29
Chris Alexander,5508234783453757,763,03/26
Brandon Robinson,4481605150338834,511,10/30
Angela Lucas,4448937358130462176,9222,03/31
Travis Newman,6521137985704318,285,12/30
Robert Garcia,3588723652967473,585,03/30
Stacy Evans,3592298533228670,300,07/31
Cody Brandt,676290219283,398,05/28
Leslie Hernandez,4654017729708,169,12/28
Sarah Cook,349009650143275,194,01/29
David Oliver,5100604113905118,363,01/25
Regina Murphy,676335944523,437,05/30
Jacob Hardin,6011231843695185,586,10/28
Barbara Rose,4662176945767,449,10/25
Alexandra Smith,4632632319022,799,01/32
Cheryl Frazier,3511436393908936,778,03/27
Sherry Rivera,4141038191447673,249,02/28
John Wiggins,3558497820868923,124,10/23
Luis Charles,3574280081946202,461,02/27
Joseph Warren,575068281550,444,05/26
James Shelton,4153658794923,5585,02/31
Sherri Lam,2282746761239394,054,04/28
Dr. Madison Lynch,5199936105895903,040,03/27
Mitchell Lopez,4933829293808180,142,01/31
Sarah Cantu,4821672517056763,880,01/29
Kimberly Stephenson,4330802821611318,509,10/30
Gabriel Hall,676322052181,795,01/29
Jorge Patel,4995179992761842,940,08/27
Stephen Fields,4833117604541671177,304,03/32
Kenneth Frederick,2384681740532857,825,10/26
Russell Gonzalez,180007634040841,3727,09/26
Robert Jefferson,676260616690,752,08/24
Kimberly Holloway,4693138281514295947,195,08/31
Adrienne Collins,3562749396942985,048,06/23
Emily Snyder,5577596985640621,584,12/28
Lori White,30066258536395,858,03/29
Nicole James,4805181924048587,149,02/28
Alicia Garcia,4359915424481538967,302,09/24
Diane Serrano,347623986821289,720,08/26
Raymond Bishop,180000034289142,414,03/31
Diana Watkins,2250676689252633,254,04/25
John Andrade,4119809980089308,025,07/32
Jessica Rodriguez,4053338036637904089,017,03/28
John Watson,3516706047011674,228,11/30
Jeremy Morgan,4482259000117052,213,08/30
Philip Hunter,4829947381131092411,223,12/25
Cynthia Jones,3588000737081434,9135,01/24
Justin Russell,4825947205858,910,05/23
Donna Carlson,2382710170227605,009,02/29
Sean Gregory,4248566687339402,5052,08/26
Sarah Orr,3532579575852433,453,03/32
Joe Valdez,3522726458389924,846,02/28
Terri Higgins,2442310785474193,038,03/30
Christopher Allen,3589283024072592,825,09/32
Robert Martinez,676361316588,512,01/31
Rachel Shaw,4219802676146143,133,10/27
Roy Murphy,3514941416086575,340,10/29
Michael Carr,4494872630401161,815,05/31
Jennifer Andrews,675997910079,750,07/32
Barbara Riley,4944978948778681,316,03/23
Andre Haley,3503491002133525,592,07/24
Brandy Franklin,2678641290132529,153,04/30
Daniel Watkins,30497487509194,430,06/24
Katie Goodwin,342236221870063,925,05/25
Michael Hernandez,345267165346601,921,12/24
Dustin Elliott,370390271739358,099,11/27
Brent Baker,3512535792052193,288,04/23
Willie Davis,4210529241372577745,509,06/25
Thomas Kramer Jr.,3588165983288114,831,08/25
Shane Finley,376966670054640,757,02/26
Heather Armstrong,3577028509197461,037,06/32
Jessica Clark,30492429505590,346,03/32
David Larson,4294866819255614,480,10/25
Michael Nolan,3500856792201398,993,12/24
Anne Myers,30130121163421,943,10/30
Eduardo Mays,213189857743789,2795,05/29
Robert Bryant,347379700478738,611,02/26
Scott Mason,060415179294,472,09/23
Ronald Zuniga,6574516307945244,128,08/28
Nicholas Cantu,30574380758860,947,05/30
Evan Smith,3574816785977710,202,09/28
Christina King,3530386523477525,6958,01/25
Matthew Wolfe,3576639900997357,949,01/26
Eric Wilson,4788991751955,620,12/31
Marie George,180045019851416,4153,03/31
Kathy Day,4092316634501317,043,02/30
Jeremy Johnson,213179204072818,105,07/26
Nicole Dixon,36195061888042,418,06/30
Andrew Flowers,213141788317266,144,03/26
Tommy Carter,3577835473699458,930,05/26
Angela Hernandez,4836746223797408,156,06/27
Michelle Campbell,4600893594197110567,793,09/30
Erin Davis,4288255411305,988,09/25
Jonathan Carter Jr.,4043899983601,217,03/26
Jared White,676214415777,320,12/22
Brian Barnes,4260684327019442,653,12/26
Melanie Morales,3507014304678272,219,09/24
David Robertson,3539485014126285,989,01/24
Cheryl Lyons,570305988869,433,05/23
Jorge Cook,4618929633156522,646,03/23
Stephanie Lee,3583651821361911,305,01/27
Joseph Rivera,4468867732146,816,02/27
Selena Webster,4855723552263415,576,07/29
Terrence Baker,4561706974968,7351,03/32
Andrew Holloway,639056258887,122,09/27
David Oneal,30536125780129,112,03/30
Andrea Gordon,4437693689093,242,08/32
Phillip Watts,630439255377,201,07/32
Tara Gregory,4170590706639847099,838,03/30
Michelle Heath,38030794567753,744,02/24
Erica Kelley,4144744961675,469,03/25
David Schmitt,377694727770922,664,09/25
Michael Friedman,4314531953760112150,141,12/29
Melanie Mueller,3559013614160895,960,04/25
Trevor Ross,4423390990319346334,207,03/24
Diane Shepard,576244348214,745,07/29
Mr. Victor Chapman,3587598077111241,394,05/26
Jesse Campos,560669638978,814,10/27
Seth Hurst,3520992465431446,173,07/26
Corey Rivera,4363543845769142,511,06/32
Ryan Nguyen,6570261031573103,2057,10/28
Tina Young,6011704656864031,395,08/25
Molly Clements,630450238492,347,06/32
Paul Richardson,4434452836367665,920,03/26
Alexandra Jackson,676267809702,700,05/23
Paul Rodriguez,344335436090547,934,10/31
Sarah Fernandez,180028066067409,656,05/31
Jillian Pena,2710022161008413,305,05/30
Bethany Barry,180008188996768,091,08/25
Scott Sosa,676123849835,352,10/23
Vanessa Green,4809433125620374274,006,02/25
Jacqueline Huffman,4451669447386757955,943,07/29
Kevin Johnson,349966129427391,748,07/26
Eric Anthony,379765425152437,463,03/28
Richard Williams,213131694662319,880,04/32
Cassandra Payne,4289358754126593,052,08/25
Randy Brown,6595844374472073,710,04/28
Juan Decker,349579295978863,852,09/28
Debra Khan,4557673903881,153,02/26
Stephen Shea,213177066812115,425,03/23
Micheal Nelson,374542305072109,561,09/23
Sara Schneider,6011733025394099,319,01/31
William Porter,180001298450057,096,11/31
Angela Schaefer,30170578081494,024,12/24
Karen Nelson,3518167418678708,577,10/23
Roger Williams,4952016527834648,651,01/32
Valerie Acevedo,36342386219582,752,06/31
Ashley Campbell,6011891192229256,075,03/24
Ethan Simmons,180080900892138,773,03/32
Michael Williams,4377108754982633902,380,01/32
Ronald Mathis,4944202337296316,389,07/25
Anthony Maxwell,6588700929256651,499,10/29
Lori Wood,3585113651276741,949,12/23
Kathryn Davis,30371394386550,527,04/27
Michael Morales,4929763245277,178,10/32
Francis Parker,3560637178003401,915,11/32
Laura Snyder,2720906848279843,628,01/26
Donna Heath,4501085431179214,415,07/32
Shaun Copeland,3598612399056229,991,11/23
Mikayla Compton,344431090035140,935,10/32
Laura Harrington,4515744757480549,598,06/25
Kyle Sherman,371600259363636,159,06/29
Alexander James,4058349260646744,634,10/24
Michael Williams,4829335127265404,377,09/32
David Bright,213180054292753,4176,11/31
Donna Miller,6533819920186224,554,02/27
Adrian Mckee,30441086720117,898,01/24
Rebecca Fox,2265613277660862,870,05/30
Brian Burke,3562663477407760,074,09/31
Cindy Gregory,4313539840013057,393,08/31
Trevor Wood,213114849826906,463,07/28
Hector Lara,2695250328119406,512,07/25
Andrew Cooper,4044285808894585,114,03/23
Megan Tran,213118654369324,072,02/25
Christopher Rodriguez,3523149415745196,700,12/26
Carol Erickson,373743021540459,713,04/31
Ebony Adams,2269894032422691,563,03/32
Heidi Lutz,2332050572978518,876,11/32
Cindy Garza,4839539031107416,767,08/28
Russell Knight,180090534048189,192,02/24
Julia Powell,30144519882138,429,10/32
Joe Boyle,3502446032266589,655,10/23
Jacob Ross,3551666976971130,250,02/29
Daisy Washington,2250898451581318,738,04/23
Joshua Fuller,4937352535563568,961,06/26
Miss Jessica Cole,6541411947780922,835,07/27
Ryan Schmidt,4927743996936032,994,09/29
Monica Davidson,6011121141128908,849,07/28
Kimberly Gonzalez,3526553551607184,715,12/30
Alison Warren,4506281547879756,701,09/27
Mr. Robert Knight,340082683649989,308,03/27
Brandon Smith,3511370831570224,652,05/24
Barry Nguyen,630419101914,619,05/29
Diana Day,4852236037844423564,082,02/32
Pedro Williams,3529189871372519,961,02/29
Mrs. Tara Doyle MD,560943734304,978,01/31
Christina Dean,213150994742811,596,10/26
Tom Booth,4539362444172395,512,11/24
Russell Kerr,3536535487611800,035,09/31
Ashley Perkins,4997083646474,984,08/27
Gregory Parker,4812015992254945525,380,06/24
Tyler Boyd,4562215278667296,461,09/24
David Murray,4138577856504349,479,12/27
Amy Dillon,4087013653212529998,100,05/26
Theodore Wright,566273082495,715,12/28
Mr. Joseph Thomas,4137801223576967587,025,02/24
Katherine King,502028877764,325,04/24
Kim Osborne,3580175401085446,169,08/28
Savannah Hall,6011806602676243,882,09/28
Cynthia Anderson,3574377612353104,131,07/25
Kimberly Bowen,4192588545637533378,244,03/23
Mary Pierce,379874859274061,785,08/26
Janet George,4793647760901499503,972,08/25
Dustin Harrison,341459470493152,575,01/29
Nicholas Perry,2708326770443810,012,11/31
Jesse Nguyen,4984556764285060109,2661,02/29
Dawn Williams,3512342778851791,196,09/30
Jennifer Gray,213177954228408,371,03/28
Nicole Thomas,3577082570328877,778,03/31
Lori Burke,2475993001838679,602,11/29
Scott Woods,4999161193330506376,229,04/23
Mark Edwards,2223953980710070,159,01/31
Donald Williams,2232006159686149,477,12/28
Eric Williams,4035161686674657,455,01/32
Gregory Medina,3572488518413561,607,08/23
Devin Myers DDS,4674589373335800,900,11/31
Katie Fernandez,4625542982921,393,05/29
Kathryn Johnson,343714382372847,662,02/31
Natasha Murray,4359877770112055854,337,02/24
Brandi Cooper,4364112085900152,926,05/24
